Source,Target
0,1
0,2
0,3
0,4
0,5
0,6
0,7
0,8
0,9
0,10
0,11
0,12
0,13
0,14
0,15
0,16
17,18
17,19
17,20
17,21
17,22
17,23
24,20
24,25
24,26
24,27
24,28
24,29
30,31
30,32
30,33
30,19
30,26
30,34
30,35
30,36
30,37
30,38
39,21
39,27
39,35
39,40
39,41
39,42
43,23
43,29
43,37
43,42
43,44
43,45
46,18
46,25
46,34
46,40
46,44
46,47
48,22
48,28
48,36
48,41
48,45
48,47
49,50
49,51
49,52
49,53
49,54
49,55
49,56
49,57
49,58
49,59
49,60
61,62
61,63
61,64
61,65
61,66
61,67
61,68
61,69
61,70
61,71
72,73
72,57
72,68
72,74
72,75
72,76
77,60
77,71
77,76
77,78
77,79
80,81
80,82
80,58
80,69
80,74
80,78
80,83
84,85
84,86
84,87
84,59
84,70
84,75
84,79
84,83
88,89
88,90
88,91
88,92
88,93
88,94
95,94
95,96
95,97
95,98
99,100
99,89
99,101
99,102
99,103
99,96
104,101
104,105
104,106
104,107
104,108
104,97
109,100
109,90
109,106
109,110
109,111
109,98
112,113
112,114
112,115
112,116
112,117
112,118
112,119
112,120
112,121
112,122
112,123
112,124
112,125
112,126
112,127
112,128
112,129
112,130
112,131
85,56
85,132
85,133
85,134
85,135
85,136
85,137
85,138
85,139
85,140
85,141
85,142
86,143
87,135
59,50
59,51
59,52
59,53
59,54
59,55
59,56
59,57
59,58
59,60
70,62
70,63
70,64
70,65
70,66
70,67
70,68
70,69
70,71
75,73
75,57
75,68
75,74
75,76
79,60
79,71
79,76
79,78
83,81
83,82
83,58
83,69
83,74
83,78
84,49
84,61
84,72
84,77
84,80
144,145
144,146
144,114
144,147
144,148
144,149
144,150
144,151
144,152
153,154
153,128
153,155
153,156
153,157
153,158
153,159
153,160
153,161
153,162
153,163
153,164
153,165
166,167
166,149
166,168
166,169
166,170
171,133
171,172
171,150
171,173
171,169
171,174
175,176
175,177
175,178
175,151
175,142
175,179
175,174
175,170
180,113
180,181
180,182
180,145
180,167
180,172
180,178
180,183
184,185
184,183
184,152
184,168
184,173
184,179
137,56
137,132
137,133
137,134
137,135
137,136
137,138
137,139
137,140
137,141
137,142
186,187
188,189
188,190
191,192
191,12
191,193
191,194
191,195
191,196
191,197
191,198
191,199
191,200
191,201
191,202
191,203
191,204
205,206
205,189
205,207
205,208
205,209
205,210
205,211
205,212
213,214
213,215
216,217
216,218
216,219
216,220
216,221
216,222
223,220
223,224
223,225
223,226
223,227
228,218
228,224
228,229
228,230
228,231
232,219
232,225
232,229
232,233
232,234
235,221
235,226
235,230
235,236
235,234
237,222
237,227
237,231
237,233
237,236
238,239
238,240
238,214
238,241
242,243
242,244
242,245
242,215
242,241
219,217
219,218
219,220
219,221
219,222
225,220
225,224
225,226
225,227
232,188
232,191
232,205
232,213
232,216
232,223
232,228
232,235
232,237
232,238
232,242
229,218
229,224
229,230
229,231
233,222
233,227
233,231
233,236
234,221
234,226
234,230
234,236
56,50
56,51
56,52
56,53
56,54
56,55
56,57
56,58
56,60
132,246
132,247
132,248
132,249
132,250
133,172
133,150
133,173
133,169
133,174
85,86
85,87
85,59
85,70
85,75
85,79
85,83
136,251
136,252
136,116
136,246
136,253
136,254
136,255
136,256
137,257
137,153
137,166
137,171
137,175
137,180
137,184
137,186
138,253
138,258
138,248
138,259
138,260
139,254
139,261
139,262
139,259
139,263
139,249
139,264
140,255
140,247
140,258
140,262
140,265
141,256
141,265
141,260
141,264
141,250
142,176
142,177
142,178
142,151
142,179
142,174
142,170
240,81
240,266
240,267
214,215
238,188
238,191
238,205
238,213
238,216
238,223
238,228
238,235
238,237
238,242
241,243
241,244
241,245
241,215
181,113
181,182
181,145
181,167
181,172
181,178
181,183
147,145
147,146
147,114
147,148
147,149
147,150
147,151
147,152
268,182
268,148
268,115
268,269
117,113
117,114
117,115
117,116
117,118
117,119
117,120
117,121
117,122
117,123
117,124
117,125
117,126
117,127
117,128
117,129
117,130
117,131
270,73
270,271
270,272
270,273
270,274
270,275
270,276
277,271
277,278
277,279
277,280
277,281
277,282
283,272
283,284
283,285
283,286
283,287
283,288
289,290
289,273
289,285
289,279
289,291
289,292
289,293
289,294
295,274
295,286
295,291
295,280
295,296
297,275
297,287
297,292
297,281
297,296
297,298
299,276
299,282
299,288
299,298
300,301
300,302
300,303
300,304
300,305
300,306
300,307
300,308
300,309
300,310
300,311
300,312
300,313
300,314
300,315
300,316
300,317
300,318
300,319
300,320
300,321
322,315
322,323
322,324
322,325
322,326
322,327
322,328
322,329
322,330
322,331
322,332
322,333
322,334
322,335
322,336
337,307
337,323
337,338
337,339
337,340
337,341
337,342
337,343
337,344
337,345
337,346
337,347
337,348
337,349
337,350
351,308
351,324
351,352
351,353
351,354
351,355
351,356
351,357
351,358
351,345
351,359
351,360
351,361
351,362
351,363
364,309
364,325
364,365
364,366
364,367
364,368
364,369
364,370
364,371
364,346
364,359
364,372
364,373
364,374
364,375
376,310
376,326
376,377
376,339
376,353
376,366
376,378
376,379
376,380
376,381
376,382
376,383
376,384
376,385
376,386
387,311
387,327
387,388
387,378
387,389
387,390
387,391
387,392
387,344
387,358
387,371
387,393
387,394
387,395
387,396
397,312
397,328
397,338
397,352
397,365
397,377
397,388
397,398
397,399
397,400
397,401
397,402
397,403
397,404
397,405
406,313
406,329
406,398
406,379
406,407
406,408
406,409
406,410
406,393
406,347
406,360
406,372
406,411
406,412
406,413
414,314
414,330
414,399
414,380
414,340
414,354
414,367
414,389
414,407
414,415
414,416
414,417
414,418
414,419
414,420
421,316
421,331
421,400
421,381
421,415
421,422
421,423
421,343
421,357
421,370
421,392
421,410
421,424
421,425
421,426
427,317
427,332
427,401
427,382
427,416
427,428
427,429
427,424
427,394
427,348
427,361
427,411
427,373
427,430
427,431
432,318
432,333
432,402
432,383
432,417
432,433
432,342
432,356
432,369
432,391
432,409
432,423
432,429
432,434
432,435
436,319
436,334
436,403
436,384
436,418
436,341
436,355
436,368
436,390
436,408
436,422
436,428
436,433
436,437
436,438
439,320
439,335
439,404
439,385
439,419
439,437
439,434
439,425
439,395
439,349
439,362
439,412
439,374
439,430
439,440
441,321
441,336
441,405
441,386
441,420
441,438
441,435
441,426
441,396
441,350
441,363
441,413
441,375
441,440
441,431
442,443
442,444
442,445
442,446
442,447
442,448
442,449
442,450
442,451
442,452
442,453
442,454
455,456
455,443
455,457
455,458
455,459
455,460
455,461
455,462
455,463
455,464
455,465
455,466
455,467
455,468
455,469
470,445
470,460
470,471
470,472
470,473
470,474
470,475
470,476
470,477
470,478
470,479
470,480
481,450
481,465
481,476
481,482
481,483
481,484
481,485
481,486
481,487
481,488
481,489
481,490
481,491
492,493
492,446
492,494
492,495
492,461
492,472
492,483
492,496
492,497
492,498
492,499
492,500
492,501
492,502
492,503
504,447
504,462
504,473
504,484
504,497
504,505
504,506
504,507
504,508
504,509
504,510
504,511
504,512
513,453
513,468
513,479
513,489
513,502
513,510
513,514
513,515
513,516
513,517
513,518
513,519
513,520
521,449
521,464
521,475
521,486
521,499
521,507
521,516
521,522
521,523
521,524
521,525
521,526
527,490
527,511
527,519
527,528
527,529
527,530
531,454
531,469
531,480
531,491
531,503
531,512
531,520
531,526
531,530
531,532
531,533
531,534
531,535
536,537
536,452
536,538
536,539
536,467
536,478
536,488
536,501
536,509
536,518
536,525
536,535
536,540
536,541
536,542
543,444
543,459
543,471
543,482
543,496
543,505
543,514
543,522
543,528
543,532
543,540
543,544
543,545
546,448
546,463
546,474
546,485
546,498
546,506
546,515
546,523
546,533
546,541
546,544
546,547
548,451
548,466
548,477
548,487
548,500
548,508
548,517
548,524
548,529
548,534
548,542
548,545
548,547
549,550
549,551
552,217
552,550
552,553
554,551
554,553
555,556
555,557
555,558
555,559
555,560
555,561
562,563
562,564
562,565
562,559
562,566
562,567
568,569
568,570
568,563
568,571
568,572
568,573
574,575
574,571
574,576
574,212
574,577
574,578
574,579
574,560
574,566
574,580
581,572
581,582
581,583
581,561
581,567
581,580
584,573
584,585
584,558
584,565
584,579
584,583
586,587
586,570
586,564
586,578
586,582
586,585
222,217
222,218
222,220
222,221
227,220
227,224
227,226
237,188
237,191
237,205
237,213
237,216
237,223
237,228
237,235
237,242
231,218
231,224
231,230
233,219
233,225
233,229
233,234
236,221
236,226
236,230
588,589
590,589
448,443
448,444
448,445
448,446
448,447
448,449
448,450
448,451
448,452
448,453
448,454
463,456
463,443
463,457
463,458
463,459
463,460
463,461
463,462
463,464
463,465
463,466
463,467
463,468
463,469
474,445
474,460
474,471
474,472
474,473
474,475
474,476
474,477
474,478
474,479
474,480
485,450
485,465
485,476
485,482
485,483
485,484
485,486
485,487
485,488
485,489
485,490
485,491
498,493
498,446
498,494
498,495
498,461
498,472
498,483
498,496
498,497
498,499
498,500
498,501
498,502
498,503
506,447
506,462
506,473
506,484
506,497
506,505
506,507
506,508
506,509
506,510
506,511
506,512
515,453
515,468
515,479
515,489
515,502
515,510
515,514
515,516
515,517
515,518
515,519
515,520
523,449
523,464
523,475
523,486
523,499
523,507
523,516
523,522
523,524
523,525
523,526
533,454
533,469
533,480
533,491
533,503
533,512
533,520
533,526
533,530
533,532
533,534
533,535
541,537
541,452
541,538
541,539
541,467
541,478
541,488
541,501
541,509
541,518
541,525
541,535
541,540
541,542
544,444
544,459
544,471
544,482
544,496
544,505
544,514
544,522
544,528
544,532
544,540
544,545
546,442
546,455
546,470
546,481
546,492
546,504
546,513
546,521
546,527
546,531
546,536
546,543
546,548
547,451
547,466
547,477
547,487
547,500
547,508
547,517
547,524
547,529
547,534
547,542
547,545
591,592
593,592
23,18
23,19
23,20
23,21
23,22
29,20
29,25
29,26
29,27
29,28
37,31
37,32
37,33
37,19
37,26
37,34
37,35
37,36
37,38
42,21
42,27
42,35
42,40
42,41
44,18
44,25
44,34
44,40
44,47
43,17
43,24
43,30
43,39
43,46
43,48
45,22
45,28
45,36
45,41
45,47
321,301
321,302
321,303
321,304
321,305
321,306
321,307
321,308
321,309
321,310
321,311
321,312
321,313
321,314
321,315
321,316
321,317
321,318
321,319
321,320
336,315
336,323
336,324
336,325
336,326
336,327
336,328
336,329
336,330
336,331
336,332
336,333
336,334
336,335
441,300
441,322
441,337
441,351
441,364
441,376
441,387
441,397
441,406
441,414
441,421
441,427
441,432
441,436
441,439
405,312
405,328
405,338
405,352
405,365
405,377
405,388
405,398
405,399
405,400
405,401
405,402
405,403
405,404
386,310
386,326
386,377
386,339
386,353
386,366
386,378
386,379
386,380
386,381
386,382
386,383
386,384
386,385
420,314
420,330
420,399
420,380
420,340
420,354
420,367
420,389
420,407
420,415
420,416
420,417
420,418
420,419
438,319
438,334
438,403
438,384
438,418
438,341
438,355
438,368
438,390
438,408
438,422
438,428
438,433
438,437
435,318
435,333
435,402
435,383
435,417
435,433
435,342
435,356
435,369
435,391
435,409
435,423
435,429
435,434
426,316
426,331
426,400
426,381
426,415
426,422
426,423
426,343
426,357
426,370
426,392
426,410
426,424
426,425
396,311
396,327
396,388
396,378
396,389
396,390
396,391
396,392
396,344
396,358
396,371
396,393
396,394
396,395
350,307
350,323
350,338
350,339
350,340
350,341
350,342
350,343
350,344
350,345
350,346
350,347
350,348
350,349
363,308
363,324
363,352
363,353
363,354
363,355
363,356
363,357
363,358
363,345
363,359
363,360
363,361
363,362
413,313
413,329
413,398
413,379
413,407
413,408
413,409
413,410
413,393
413,347
413,360
413,372
413,411
413,412
375,309
375,325
375,365
375,366
375,367
375,368
375,369
375,370
375,371
375,346
375,359
375,372
375,373
375,374
440,320
440,335
440,404
440,385
440,419
440,437
440,434
440,425
440,395
440,349
440,362
440,412
440,374
440,430
431,317
431,332
431,401
431,382
431,416
431,428
431,429
431,424
431,394
431,348
431,361
431,411
431,373
431,430
450,443
450,444
450,445
450,446
450,447
450,449
450,451
450,452
450,453
450,454
465,456
465,443
465,457
465,458
465,459
465,460
465,461
465,462
465,464
465,466
465,467
465,468
465,469
476,445
476,460
476,471
476,472
476,473
476,475
476,477
476,478
476,479
476,480
482,444
482,459
482,471
482,496
482,505
482,514
482,522
482,528
482,532
482,540
482,545
483,493
483,446
483,494
483,495
483,461
483,472
483,496
483,497
483,499
483,500
483,501
483,502
483,503
484,447
484,462
484,473
484,497
484,505
484,507
484,508
484,509
484,510
484,511
484,512
485,448
485,463
485,474
485,498
485,506
485,515
485,523
485,533
485,541
485,544
485,547
486,449
486,464
486,475
486,499
486,507
486,516
486,522
486,524
486,525
486,526
481,442
481,455
481,470
481,492
481,504
481,513
481,521
481,527
481,531
481,536
481,543
481,548
487,451
487,466
487,477
487,500
487,508
487,517
487,524
487,529
487,534
487,542
487,545
488,537
488,452
488,538
488,539
488,467
488,478
488,501
488,509
488,518
488,525
488,535
488,540
488,542
489,453
489,468
489,479
489,502
489,510
489,514
489,516
489,517
489,518
489,519
489,520
490,511
490,519
490,528
490,529
490,530
491,454
491,469
491,480
491,503
491,512
491,520
491,526
491,530
491,532
491,534
491,535
176,177
176,178
176,151
176,179
176,174
176,170
261,254
261,262
261,259
261,263
261,249
261,264
594,263
595,33
595,596
595,597
189,206
189,207
189,208
189,209
189,210
189,211
189,212
188,191
188,205
188,213
188,216
188,223
188,228
188,235
188,242
190,208
598,599
598,293
294,290
294,273
294,285
294,279
294,291
294,292
294,293
2,1
2,3
2,4
2,5
2,6
2,7
2,8
2,9
2,10
2,11
2,12
2,13
2,14
2,15
2,16
600,601
600,602
600,603
600,301
600,604
304,301
304,302
304,303
304,305
304,306
304,307
304,308
304,309
304,310
304,311
304,312
304,313
304,314
304,315
304,316
304,317
304,318
304,319
304,320
605,601
605,302
605,606
605,607
605,608
609,603
609,305
609,607
609,610
609,596
609,611
609,612
613,602
613,303
613,606
613,611
613,614
615,604
615,306
615,608
615,612
615,614
32,31
32,33
32,19
32,26
32,34
32,35
32,36
32,38
616,50
616,617
618,617
619,620
621,620
146,145
146,114
146,148
146,149
146,150
146,151
146,152
81,82
81,58
81,69
81,74
81,78
266,82
267,243
267,622
267,623
267,4
267,624
267,625
267,626
267,627
267,628
267,629
267,630
267,193
267,631
267,632
267,633
267,634
240,239
240,214
240,241
635,636
635,637
638,636
638,639
640,639
640,637
640,641
640,642
640,643
445,443
445,444
445,446
445,447
445,449
445,451
445,452
445,453
445,454
460,456
460,443
460,457
460,458
460,459
460,461
460,462
460,464
460,466
460,467
460,468
460,469
471,444
471,459
471,496
471,505
471,514
471,522
471,528
471,532
471,540
471,545
472,493
472,446
472,494
472,495
472,461
472,496
472,497
472,499
472,500
472,501
472,502
472,503
473,447
473,462
473,497
473,505
473,507
473,508
473,509
473,510
473,511
473,512
474,448
474,463
474,498
474,506
474,515
474,523
474,533
474,541
474,544
474,547
475,449
475,464
475,499
475,507
475,516
475,522
475,524
475,525
475,526
476,450
476,465
476,482
476,483
476,484
476,486
476,487
476,488
476,489
476,490
476,491
470,442
470,455
470,492
470,504
470,513
470,521
470,527
470,531
470,536
470,543
470,548
477,451
477,466
477,500
477,508
477,517
477,524
477,529
477,534
477,542
477,545
478,537
478,452
478,538
478,539
478,467
478,501
478,509
478,518
478,525
478,535
478,540
478,542
479,453
479,468
479,502
479,510
479,514
479,516
479,517
479,518
479,519
479,520
480,454
480,469
480,503
480,512
480,520
480,526
480,530
480,532
480,534
480,535
311,301
311,302
311,303
311,305
311,306
311,307
311,308
311,309
311,310
311,312
311,313
311,314
311,315
311,316
311,317
311,318
311,319
311,320
327,315
327,323
327,324
327,325
327,326
327,328
327,329
327,330
327,331
327,332
327,333
327,334
327,335
387,300
387,322
387,337
387,351
387,364
387,376
387,397
387,406
387,414
387,421
387,427
387,432
387,436
387,439
388,312
388,328
388,338
388,352
388,365
388,377
388,398
388,399
388,400
388,401
388,402
388,403
388,404
378,310
378,326
378,377
378,339
378,353
378,366
378,379
378,380
378,381
378,382
378,383
378,384
378,385
389,314
389,330
389,399
389,380
389,340
389,354
389,367
389,407
389,415
389,416
389,417
389,418
389,419
390,319
390,334
390,403
390,384
390,418
390,341
390,355
390,368
390,408
390,422
390,428
390,433
390,437
391,318
391,333
391,402
391,383
391,417
391,433
391,342
391,356
391,369
391,409
391,423
391,429
391,434
392,316
392,331
392,400
392,381
392,415
392,422
392,423
392,343
392,357
392,370
392,410
392,424
392,425
344,307
344,323
344,338
344,339
344,340
344,341
344,342
344,343
344,345
344,346
344,347
344,348
344,349
358,308
358,324
358,352
358,353
358,354
358,355
358,356
358,357
358,345
358,359
358,360
358,361
358,362
371,309
371,325
371,365
371,366
371,367
371,368
371,369
371,370
371,346
371,359
371,372
371,373
371,374
393,313
393,329
393,398
393,379
393,407
393,408
393,409
393,410
393,347
393,360
393,372
393,411
393,412
394,317
394,332
394,401
394,382
394,416
394,428
394,429
394,424
394,348
394,361
394,411
394,373
394,430
395,320
395,335
395,404
395,385
395,419
395,437
395,434
395,425
395,349
395,362
395,412
395,374
395,430
396,321
396,336
396,405
396,386
396,420
396,438
396,435
396,426
396,350
396,363
396,413
396,375
396,440
396,431
11,1
11,3
11,4
11,5
11,6
11,7
11,8
11,9
11,10
11,12
11,13
11,14
11,15
11,16
630,243
630,622
630,623
630,4
630,624
630,625
630,626
630,627
630,628
630,629
630,193
630,631
630,632
630,633
630,634
644,13
644,631
644,645
644,646
644,647
644,648
644,649
644,650
644,651
644,194
644,652
644,653
644,654
655,9
655,628
655,650
655,656
655,657
655,658
655,659
655,660
655,661
655,195
655,662
655,663
655,664
665,623
665,244
665,666
665,3
665,645
665,656
665,667
665,668
665,669
665,670
665,671
665,672
665,673
665,202
665,674
675,676
675,677
675,192
675,5
675,624
675,646
675,657
675,678
675,679
675,680
675,672
675,681
675,682
683,54
683,206
683,6
683,625
683,647
683,658
683,667
683,678
683,684
683,685
683,686
683,197
683,687
683,688
683,689
690,691
690,692
690,693
690,7
690,626
690,648
690,659
690,684
690,694
690,695
690,696
690,681
690,673
690,203
690,697
698,691
698,699
698,700
698,8
698,627
698,649
698,660
698,685
698,668
698,679
698,701
698,198
698,702
698,703
698,704
705,706
705,676
705,10
705,629
705,651
705,661
705,686
705,701
705,669
705,694
705,199
705,707
705,708
196,192
196,12
196,193
196,194
196,195
196,197
196,198
196,199
196,200
196,201
196,202
196,203
196,204
709,710
709,14
709,632
709,652
709,662
709,687
709,702
709,707
709,670
709,680
709,695
709,200
709,711
709,712
713,599
713,706
713,677
713,16
713,633
713,653
713,663
713,688
713,703
713,711
713,671
713,696
713,201
713,714
715,716
715,717
715,15
715,634
715,654
715,664
715,689
715,704
715,708
715,712
715,714
715,682
715,674
715,204
715,697
537,456
537,493
537,718
537,719
452,443
452,444
452,446
452,447
452,449
452,451
452,453
452,454
538,718
538,457
538,494
538,720
539,719
539,720
539,458
539,495
467,456
467,443
467,457
467,458
467,459
467,461
467,462
467,464
467,466
467,468
467,469
478,445
478,460
478,471
478,472
478,473
478,475
478,477
478,479
478,480
488,450
488,465
488,482
488,483
488,484
488,486
488,487
488,489
488,490
488,491
501,493
501,446
501,494
501,495
501,461
501,496
501,497
501,499
501,500
501,502
501,503
509,447
509,462
509,497
509,505
509,507
509,508
509,510
509,511
509,512
518,453
518,468
518,502
518,510
518,514
518,516
518,517
518,519
518,520
525,449
525,464
525,499
525,507
525,516
525,522
525,524
525,526
535,454
535,469
535,503
535,512
535,520
535,526
535,530
535,532
535,534
540,444
540,459
540,496
540,505
540,514
540,522
540,528
540,532
540,545
541,448
541,463
541,498
541,506
541,515
541,523
541,533
541,544
541,547
536,442
536,455
536,492
536,504
536,513
536,521
536,527
536,531
536,543
536,548
542,451
542,466
542,500
542,508
542,517
542,524
542,529
542,534
542,545
22,18
22,19
22,20
22,21
28,20
28,25
28,26
28,27
36,31
36,33
36,19
36,26
36,34
36,35
36,38
41,21
41,27
41,35
41,40
45,23
45,29
45,37
45,42
45,44
48,17
48,24
48,30
48,39
48,46
47,18
47,25
47,34
47,40
315,301
315,302
315,303
315,305
315,306
315,307
315,308
315,309
315,310
315,312
315,313
315,314
315,316
315,317
315,318
315,319
315,320
323,307
323,338
323,339
323,340
323,341
323,342
323,343
323,345
323,346
323,347
323,348
323,349
324,308
324,352
324,353
324,354
324,355
324,356
324,357
324,345
324,359
324,360
324,361
324,362
325,309
325,365
325,366
325,367
325,368
325,369
325,370
325,346
325,359
325,372
325,373
325,374
322,300
322,337
322,351
322,364
322,376
322,397
322,406
322,414
322,421
322,427
322,432
322,436
322,439
326,310
326,377
326,339
326,353
326,366
326,379
326,380
326,381
326,382
326,383
326,384
326,385
327,311
327,388
327,378
327,389
327,390
327,391
327,392
327,344
327,358
327,371
327,393
327,394
327,395
328,312
328,338
328,352
328,365
328,377
328,398
328,399
328,400
328,401
328,402
328,403
328,404
329,313
329,398
329,379
329,407
329,408
329,409
329,410
329,347
329,360
329,372
329,411
329,412
330,314
330,399
330,380
330,340
330,354
330,367
330,407
330,415
330,416
330,417
330,418
330,419
331,316
331,400
331,381
331,415
331,422
331,423
331,343
331,357
331,370
331,410
331,424
331,425
332,317
332,401
332,382
332,416
332,428
332,429
332,424
332,348
332,361
332,411
332,373
332,430
333,318
333,402
333,383
333,417
333,433
333,342
333,356
333,369
333,409
333,423
333,429
333,434
334,319
334,403
334,384
334,418
334,341
334,355
334,368
334,408
334,422
334,428
334,433
334,437
335,320
335,404
335,385
335,419
335,437
335,434
335,425
335,349
335,362
335,412
335,374
335,430
336,321
336,405
336,386
336,420
336,438
336,435
336,426
336,350
336,363
336,413
336,375
336,440
336,431
721,722
723,722
314,301
314,302
314,303
314,305
314,306
314,307
314,308
314,309
314,310
314,312
314,313
314,316
314,317
314,318
314,319
314,320
330,315
330,323
330,324
330,325
330,326
330,328
330,329
330,331
330,332
330,333
330,334
330,335
414,300
414,337
414,351
414,364
414,376
414,397
414,406
414,421
414,427
414,432
414,436
414,439
399,312
399,338
399,352
399,365
399,377
399,398
399,400
399,401
399,402
399,403
399,404
380,310
380,377
380,339
380,353
380,366
380,379
380,381
380,382
380,383
380,384
380,385
340,307
340,338
340,339
340,341
340,342
340,343
340,345
340,346
340,347
340,348
340,349
354,308
354,352
354,353
354,355
354,356
354,357
354,345
354,359
354,360
354,361
354,362
367,309
367,365
367,366
367,368
367,369
367,370
367,346
367,359
367,372
367,373
367,374
389,311
389,388
389,378
389,390
389,391
389,392
389,344
389,358
389,371
389,393
389,394
389,395
407,313
407,398
407,379
407,408
407,409
407,410
407,347
407,360
407,372
407,411
407,412
415,316
415,400
415,381
415,422
415,423
415,343
415,357
415,370
415,410
415,424
415,425
416,317
416,401
416,382
416,428
416,429
416,424
416,348
416,361
416,411
416,373
416,430
417,318
417,402
417,383
417,433
417,342
417,356
417,369
417,409
417,423
417,429
417,434
418,319
418,403
418,384
418,341
418,355
418,368
418,408
418,422
418,428
418,433
418,437
419,320
419,404
419,385
419,437
419,434
419,425
419,349
419,362
419,412
419,374
419,430
420,321
420,405
420,386
420,438
420,435
420,426
420,350
420,363
420,413
420,375
420,440
420,431
184,257
184,153
184,166
184,171
184,175
184,180
184,186
183,113
183,182
183,145
183,167
183,172
183,178
152,145
152,114
152,148
152,149
152,150
152,151
168,167
168,149
168,169
168,170
173,172
173,150
173,169
173,174
179,177
179,178
179,151
179,174
179,170
710,14
710,632
710,652
710,662
710,687
710,702
710,707
710,670
710,680
710,695
710,200
710,711
710,712
317,301
317,302
317,303
317,305
317,306
317,307
317,308
317,309
317,310
317,312
317,313
317,316
317,318
317,319
317,320
332,315
332,323
332,324
332,325
332,326
332,328
332,329
332,331
332,333
332,334
332,335
427,300
427,337
427,351
427,364
427,376
427,397
427,406
427,421
427,432
427,436
427,439
401,312
401,338
401,352
401,365
401,377
401,398
401,400
401,402
401,403
401,404
382,310
382,377
382,339
382,353
382,366
382,379
382,381
382,383
382,384
382,385
416,314
416,399
416,380
416,340
416,354
416,367
416,407
416,415
416,417
416,418
416,419
428,319
428,403
428,384
428,341
428,355
428,368
428,408
428,422
428,433
428,437
429,318
429,402
429,383
429,433
429,342
429,356
429,369
429,409
429,423
429,434
424,316
424,400
424,381
424,422
424,423
424,343
424,357
424,370
424,410
424,425
394,311
394,388
394,378
394,390
394,391
394,392
394,344
394,358
394,371
394,393
394,395
348,307
348,338
348,339
348,341
348,342
348,343
348,345
348,346
348,347
348,349
361,308
361,352
361,353
361,355
361,356
361,357
361,345
361,359
361,360
361,362
411,313
411,398
411,379
411,408
411,409
411,410
411,347
411,360
411,372
411,412
373,309
373,365
373,366
373,368
373,369
373,370
373,346
373,359
373,372
373,374
430,320
430,404
430,385
430,437
430,434
430,425
430,349
430,362
430,412
430,374
431,321
431,405
431,386
431,438
431,435
431,426
431,350
431,363
431,413
431,375
431,440
113,114
113,115
113,116
113,118
113,119
113,120
113,121
113,122
113,123
113,124
113,125
113,126
113,127
113,128
113,129
113,130
113,131
181,147
181,268
181,117
182,148
182,115
182,269
145,114
145,148
145,149
145,150
145,151
180,257
180,153
180,166
180,171
180,175
180,186
167,149
167,169
167,170
172,150
172,169
172,174
178,177
178,151
178,174
178,170
183,185
183,152
183,168
183,173
183,179
724,725
724,726
727,725
727,728
729,726
729,728
730,731
732,731
213,191
213,205
213,216
213,223
213,228
213,235
213,242
214,239
214,241
215,243
215,244
215,245
599,706
599,677
599,16
599,633
599,653
599,663
599,688
599,703
599,711
599,671
599,696
599,201
599,714
598,733
598,294
293,290
293,273
293,285
293,279
293,291
293,292
182,113
182,145
182,167
182,172
182,178
148,114
148,149
148,150
148,151
115,114
115,116
115,118
115,119
115,120
115,121
115,122
115,123
115,124
115,125
115,126
115,127
115,128
115,129
115,130
115,131
268,147
268,117
33,31
33,19
33,26
33,34
33,35
33,38
596,603
596,305
596,607
596,610
596,611
596,612
597,143
597,734
31,735
31,736
31,737
31,738
31,739
31,740
31,119
31,741
31,742
31,154
31,743
31,744
31,745
32,616
32,618
33,596
33,597
19,18
19,20
19,21
26,20
26,25
26,27
34,18
34,25
34,40
30,17
30,24
30,39
30,46
35,21
35,27
35,40
36,22
36,28
36,41
36,47
37,23
37,29
37,42
37,44
206,54
206,6
206,625
206,647
206,658
206,667
206,678
206,684
206,685
206,686
206,197
206,687
206,688
206,689
189,190
205,191
205,216
205,223
205,228
205,235
205,242
209,746
209,575
209,747
210,747
210,748
210,576
211,746
211,748
211,577
212,575
212,571
212,576
212,577
212,578
212,579
212,560
212,566
212,580
716,749
717,749
15,1
15,3
15,4
15,5
15,6
15,7
15,8
15,9
15,10
15,12
15,13
15,14
15,16
634,243
634,622
634,623
634,4
634,624
634,625
634,626
634,627
634,628
634,629
634,193
634,631
634,632
634,633
654,13
654,631
654,645
654,646
654,647
654,648
654,649
654,650
654,651
654,194
654,652
654,653
664,9
664,628
664,650
664,656
664,657
664,658
664,659
664,660
664,661
664,195
664,662
664,663
715,11
715,630
715,644
715,655
715,665
715,675
715,683
715,690
715,698
715,705
715,196
715,709
715,713
689,54
689,6
689,625
689,647
689,658
689,667
689,678
689,684
689,685
689,686
689,197
689,687
689,688
704,691
704,699
704,700
704,8
704,627
704,649
704,660
704,685
704,668
704,679
704,701
704,198
704,702
704,703
708,706
708,676
708,10
708,629
708,651
708,661
708,686
708,701
708,669
708,694
708,199
708,707
712,14
712,632
712,652
712,662
712,687
712,702
712,707
712,670
712,680
712,695
712,200
712,711
714,706
714,677
714,16
714,633
714,653
714,663
714,688
714,703
714,711
714,671
714,696
714,201
682,676
682,677
682,192
682,5
682,624
682,646
682,657
682,678
682,679
682,680
682,672
682,681
674,623
674,244
674,666
674,3
674,645
674,656
674,667
674,668
674,669
674,670
674,671
674,672
674,673
674,202
204,192
204,12
204,193
204,194
204,195
204,197
204,198
204,199
204,200
204,201
204,202
204,203
697,691
697,692
697,693
697,7
697,626
697,648
697,659
697,684
697,694
697,695
697,696
697,681
697,673
697,203
562,555
562,568
562,574
562,581
562,584
562,586
563,569
563,570
563,571
563,572
563,573
564,587
564,570
564,578
564,582
564,585
565,573
565,585
565,558
565,579
565,583
559,556
559,557
559,558
559,560
559,561
566,575
566,571
566,576
566,577
566,578
566,579
566,560
566,580
567,572
567,582
567,583
567,561
567,580
243,622
243,623
243,4
243,624
243,625
243,626
243,627
243,628
243,629
243,193
243,631
243,632
243,633
244,623
244,666
244,3
244,645
244,656
244,667
244,668
244,669
244,670
244,671
244,672
244,673
244,202
245,622
245,666
242,191
242,216
242,223
242,228
242,235
241,239
191,216
191,223
191,228
191,235
192,676
192,677
192,5
192,624
192,646
192,657
192,678
192,679
192,680
192,672
192,681
12,1
12,3
12,4
12,5
12,6
12,7
12,8
12,9
12,10
12,13
12,14
12,16
193,622
193,623
193,4
193,624
193,625
193,626
193,627
193,628
193,629
193,631
193,632
193,633
194,13
194,631
194,645
194,646
194,647
194,648
194,649
194,650
194,651
194,652
194,653
195,9
195,628
195,650
195,656
195,657
195,658
195,659
195,660
195,661
195,662
195,663
196,11
196,630
196,644
196,655
196,665
196,675
196,683
196,690
196,698
196,705
196,709
196,713
197,54
197,6
197,625
197,647
197,658
197,667
197,678
197,684
197,685
197,686
197,687
197,688
198,691
198,699
198,700
198,8
198,627
198,649
198,660
198,685
198,668
198,679
198,701
198,702
198,703
199,706
199,676
199,10
199,629
199,651
199,661
199,686
199,701
199,669
199,694
199,707
200,14
200,632
200,652
200,662
200,687
200,702
200,707
200,670
200,680
200,695
200,711
201,706
201,677
201,16
201,633
201,653
201,663
201,688
201,703
201,711
201,671
201,696
202,623
202,666
202,3
202,645
202,656
202,667
202,668
202,669
202,670
202,671
202,672
202,673
203,691
203,692
203,693
203,7
203,626
203,648
203,659
203,684
203,694
203,695
203,696
203,681
203,673
204,716
204,717
204,15
204,634
204,654
204,664
204,689
204,704
204,708
204,712
204,714
204,682
204,674
204,697
100,90
100,106
100,110
100,111
100,98
89,90
89,91
89,92
89,93
89,94
101,105
101,106
101,107
101,108
101,97
102,92
102,107
102,110
102,750
103,93
103,108
103,111
103,750
99,751
99,88
99,95
99,104
99,109
96,94
96,97
96,98
133,56
133,132
133,134
133,135
133,136
133,138
133,139
133,140
133,141
133,142
171,257
171,153
171,166
171,175
171,186
172,113
172,145
172,167
172,178
150,114
150,149
150,151
173,185
173,152
173,168
173,179
169,149
169,170
174,177
174,151
174,170
604,601
604,602
604,603
604,301
306,301
306,302
306,303
306,305
306,307
306,308
306,309
306,310
306,312
306,313
306,316
306,318
306,319
306,320
608,601
608,302
608,606
608,607
612,603
612,305
612,607
612,610
612,611
615,600
615,304
615,605
615,609
615,613
614,602
614,303
614,606
614,611
742,735
742,736
742,737
742,738
742,739
742,740
742,119
742,741
742,154
742,743
742,744
742,745
127,114
127,116
127,118
127,119
127,120
127,121
127,122
127,123
127,124
127,125
127,126
127,128
127,129
127,130
127,131
752,737
752,122
752,753
752,754
752,755
752,756
752,757
752,758
752,155
752,759
752,760
752,761
762,763
762,739
762,124
762,756
762,764
762,765
762,766
762,767
762,768
762,156
762,769
762,770
762,771
772,773
772,774
772,775
772,776
772,777
772,740
772,125
772,757
772,767
772,778
772,779
772,780
772,781
772,157
772,782
772,783
772,784
162,154
162,128
162,155
162,156
162,157
162,158
162,159
162,160
162,161
162,163
162,164
162,165
785,735
785,120
785,753
785,764
785,778
785,158
785,786
785,787
785,788
785,789
785,790
785,791
792,736
792,121
792,754
792,765
792,779
792,159
792,793
792,794
792,795
792,789
792,796
792,797
798,738
798,123
798,755
798,766
798,780
798,160
798,786
798,793
798,799
798,800
798,801
798,802
803,741
803,126
803,758
803,768
803,781
803,161
803,799
803,804
803,805
803,790
803,796
803,806
807,743
807,129
807,759
807,769
807,782
807,163
807,800
807,787
807,794
807,804
807,808
807,809
810,744
810,130
810,760
810,770
810,783
810,164
810,801
810,808
810,788
810,795
810,805
810,811
812,745
812,131
812,761
812,771
812,784
812,165
812,802
812,809
812,811
812,791
812,797
812,806
207,206
207,208
207,209
207,210
207,211
207,212
813,814
813,815
813,816
813,817
813,818
813,819
820,814
820,821
820,822
820,823
820,824
820,825
826,815
826,827
826,828
826,829
826,824
826,830
831,816
831,832
831,822
831,828
831,833
831,834
835,817
835,821
835,827
835,832
835,836
835,837
838,818
838,836
838,833
838,839
838,830
838,825
840,819
840,837
840,834
840,823
840,829
840,839
220,217
220,218
220,221
223,216
223,228
223,235
224,218
224,230
225,219
225,229
225,234
226,221
226,230
227,222
227,231
227,236
50,51
50,52
50,53
50,54
50,55
50,57
50,58
50,60
616,618
51,52
51,53
51,54
51,55
51,57
51,58
51,60
21,18
21,20
27,20
27,25
35,31
35,19
35,26
35,34
35,38
40,18
40,25
39,17
39,24
39,46
41,22
41,28
41,47
42,23
42,29
42,44
621,619
733,294
102,100
102,89
102,101
102,103
102,96
92,90
92,91
92,93
92,94
107,105
107,106
107,108
107,97
110,90
110,106
110,111
110,98
750,93
750,108
750,111
95,751
95,88
95,104
95,109
94,90
94,91
94,93
96,100
96,89
96,101
96,103
97,105
97,106
97,108
98,90
98,106
98,111
309,301
309,302
309,303
309,305
309,307
309,308
309,310
309,312
309,313
309,316
309,318
309,319
309,320
325,315
325,323
325,324
325,326
325,328
325,329
325,331
325,333
325,334
325,335
364,300
364,337
364,351
364,376
364,397
364,406
364,421
364,432
364,436
364,439
365,312
365,338
365,352
365,377
365,398
365,400
365,402
365,403
365,404
366,310
366,377
366,339
366,353
366,379
366,381
366,383
366,384
366,385
367,314
367,399
367,380
367,340
367,354
367,407
367,415
367,417
367,418
367,419
368,319
368,403
368,384
368,341
368,355
368,408
368,422
368,433
368,437
369,318
369,402
369,383
369,433
369,342
369,356
369,409
369,423
369,434
370,316
370,400
370,381
370,422
370,423
370,343
370,357
370,410
370,425
371,311
371,388
371,378
371,390
371,391
371,392
371,344
371,358
371,393
371,395
346,307
346,338
346,339
346,341
346,342
346,343
346,345
346,347
346,349
359,308
359,352
359,353
359,355
359,356
359,357
359,345
359,360
359,362
372,313
372,398
372,379
372,408
372,409
372,410
372,347
372,360
372,412
373,317
373,401
373,382
373,428
373,429
373,424
373,348
373,361
373,411
373,430
374,320
374,404
374,385
374,437
374,434
374,425
374,349
374,362
374,412
375,321
375,405
375,386
375,438
375,435
375,426
375,350
375,363
375,413
375,440
593,591
269,148
269,115
209,206
209,208
209,210
209,211
209,212
746,748
746,577
575,571
575,576
575,577
575,578
575,579
575,560
575,580
747,748
747,576
447,443
447,444
447,446
447,449
447,451
447,453
447,454
462,456
462,443
462,457
462,458
462,459
462,461
462,464
462,466
462,468
462,469
473,445
473,460
473,471
473,472
473,475
473,477
473,479
473,480
484,450
484,465
484,482
484,483
484,486
484,487
484,489
484,490
484,491
497,493
497,446
497,494
497,495
497,461
497,496
497,499
497,500
497,502
497,503
505,444
505,459
505,496
505,514
505,522
505,528
505,532
505,545
506,448
506,463
506,498
506,515
506,523
506,533
506,544
506,547
507,449
507,464
507,499
507,516
507,522
507,524
507,526
504,442
504,455
504,492
504,513
504,521
504,527
504,531
504,543
504,548
508,451
508,466
508,500
508,517
508,524
508,529
508,534
508,545
509,537
509,452
509,538
509,539
509,467
509,501
509,518
509,525
509,535
509,540
509,542
510,453
510,468
510,502
510,514
510,516
510,517
510,519
510,520
511,519
511,528
511,529
511,530
512,454
512,469
512,503
512,520
512,526
512,530
512,532
512,534
841,842
841,641
843,65
843,842
843,643
642,639
642,637
642,641
642,643
622,623
622,4
622,624
622,625
622,626
622,627
622,628
622,629
622,631
622,632
622,633
666,623
666,3
666,645
666,656
666,667
666,668
666,669
666,670
666,671
666,672
666,673
245,243
245,244
177,151
177,170
132,56
132,134
132,135
132,136
132,138
132,139
132,140
132,141
132,142
246,251
246,252
246,116
246,253
246,254
246,255
246,256
247,255
247,258
247,262
247,265
248,253
248,258
248,259
248,260
249,254
249,262
249,259
249,263
249,264
250,256
250,265
250,260
250,264
844,146
187,845
186,257
186,153
186,166
186,175
716,717
716,15
716,634
716,654
716,664
716,689
716,704
716,708
716,712
716,714
716,682
716,674
716,697
66,62
66,63
66,64
66,65
66,67
66,68
66,69
66,71
846,67
847,848
849,848
850,177
575,746
575,747
574,555
574,568
574,581
574,584
574,586
571,569
571,570
571,572
571,573
576,748
212,206
212,208
212,210
212,211
577,748
578,587
578,570
578,582
578,585
579,573
579,585
579,558
579,583
560,556
560,557
560,558
560,561
566,563
566,564
566,565
566,559
566,567
580,572
580,582
580,583
580,561
67,62
67,63
67,64
67,65
67,68
67,69
67,71
846,66
846,847
846,849
691,699
691,700
691,8
691,627
691,649
691,660
691,685
691,668
691,679
691,701
691,702
691,703
692,700
692,851
693,699
693,851
7,1
7,3
7,4
7,5
7,6
7,8
7,9
7,10
7,13
7,14
7,16
626,623
626,4
626,624
626,625
626,627
626,628
626,629
626,631
626,632
626,633
648,13
648,631
648,645
648,646
648,647
648,649
648,650
648,651
648,652
648,653
659,9
659,628
659,650
659,656
659,657
659,658
659,660
659,661
659,662
659,663
690,11
690,630
690,644
690,655
690,665
690,675
690,683
690,698
690,705
690,709
690,713
684,54
684,6
684,625
684,647
684,658
684,667
684,678
684,685
684,686
684,687
684,688
694,706
694,676
694,10
694,629
694,651
694,661
694,686
694,701
694,669
694,707
695,14
695,632
695,652
695,662
695,687
695,702
695,707
695,670
695,680
695,711
696,706
696,677
696,16
696,633
696,653
696,663
696,688
696,703
696,711
696,671
681,676
681,677
681,5
681,624
681,646
681,657
681,678
681,679
681,680
681,672
673,623
673,3
673,645
673,656
673,667
673,668
673,669
673,670
673,671
673,672
203,192
203,12
203,193
203,194
203,195
203,197
203,198
203,199
203,200
203,201
203,202
697,717
697,15
697,634
697,654
697,664
697,689
697,704
697,708
697,712
697,714
697,682
697,674
277,270
277,283
277,289
277,295
277,297
277,299
271,73
271,272
271,273
271,274
271,275
271,276
284,272
284,285
284,286
284,287
284,288
279,290
279,273
279,285
279,291
279,292
280,274
280,286
280,291
280,296
281,275
281,287
281,292
281,296
281,298
282,276
282,288
282,298
746,747
211,206
211,208
211,210
577,571
577,576
577,578
577,579
577,560
577,580
454,443
454,444
454,446
454,449
454,451
454,453
469,456
469,443
469,457
469,458
469,459
469,461
469,464
469,466
469,468
480,445
480,460
480,471
480,472
480,475
480,477
480,479
491,450
491,465
491,482
491,483
491,486
491,487
491,489
491,490
503,493
503,446
503,494
503,495
503,461
503,496
503,499
503,500
503,502
512,447
512,462
512,497
512,505
512,507
512,508
512,510
512,511
520,453
520,468
520,502
520,514
520,516
520,517
520,519
526,449
526,464
526,499
526,516
526,522
526,524
530,519
530,528
530,529
532,444
532,459
532,496
532,514
532,522
532,528
532,545
533,448
533,463
533,498
533,515
533,523
533,544
533,547
531,442
531,455
531,492
531,513
531,521
531,527
531,543
531,548
534,451
534,466
534,500
534,517
534,524
534,529
534,545
535,537
535,452
535,538
535,539
535,467
535,501
535,518
535,525
535,540
535,542
710,852
14,1
14,3
14,4
14,5
14,6
14,8
14,9
14,10
14,13
14,16
632,623
632,4
632,624
632,625
632,627
632,628
632,629
632,631
632,633
652,13
652,631
652,645
652,646
652,647
652,649
652,650
652,651
652,653
662,9
662,628
662,650
662,656
662,657
662,658
662,660
662,661
662,663
709,11
709,630
709,644
709,655
709,665
709,675
709,683
709,698
709,705
709,713
687,54
687,6
687,625
687,647
687,658
687,667
687,678
687,685
687,686
687,688
702,699
702,700
702,8
702,627
702,649
702,660
702,685
702,668
702,679
702,701
702,703
707,706
707,676
707,10
707,629
707,651
707,661
707,686
707,701
707,669
670,623
670,3
670,645
670,656
670,667
670,668
670,669
670,671
670,672
680,676
680,677
680,5
680,624
680,646
680,657
680,678
680,679
680,672
695,691
695,692
695,693
695,7
695,626
695,648
695,659
695,684
695,694
695,696
695,681
695,673
200,192
200,12
200,193
200,194
200,195
200,197
200,198
200,199
200,201
200,202
711,706
711,677
711,16
711,633
711,653
711,663
711,688
711,703
711,671
712,717
712,15
712,634
712,654
712,664
712,689
712,704
712,708
712,714
712,682
712,674
736,735
736,737
736,738
736,739
736,740
736,119
736,741
736,154
736,743
736,744
736,745
121,114
121,116
121,118
121,119
121,120
121,122
121,123
121,124
121,125
121,126
121,128
121,129
121,130
121,131
754,737
754,122
754,753
754,755
754,756
754,757
754,758
754,155
754,759
754,760
754,761
765,763
765,739
765,124
765,756
765,764
765,766
765,767
765,768
765,156
765,769
765,770
765,771
779,773
779,774
779,775
779,776
779,777
779,740
779,125
779,757
779,767
779,778
779,780
779,781
779,157
779,782
779,783
779,784
159,154
159,128
159,155
159,156
159,157
159,158
159,160
159,161
159,163
159,164
159,165
792,742
792,127
792,752
792,762
792,772
792,162
792,785
792,798
792,803
792,807
792,810
792,812
793,738
793,123
793,755
793,766
793,780
793,160
793,786
793,799
793,800
793,801
793,802
794,743
794,129
794,759
794,769
794,782
794,163
794,800
794,787
794,804
794,808
794,809
795,744
795,130
795,760
795,770
795,783
795,164
795,801
795,808
795,788
795,805
795,811
789,735
789,120
789,753
789,764
789,778
789,158
789,786
789,787
789,788
789,790
789,791
796,741
796,126
796,758
796,768
796,781
796,161
796,799
796,804
796,805
796,790
796,806
797,745
797,131
797,761
797,771
797,784
797,165
797,802
797,809
797,811
797,791
797,806
1,3
1,4
1,5
1,6
1,8
1,9
1,10
1,13
1,16
308,301
308,302
308,303
308,305
308,307
308,310
308,312
308,313
308,316
308,318
308,319
308,320
324,315
324,323
324,326
324,328
324,329
324,331
324,333
324,334
324,335
351,300
351,337
351,376
351,397
351,406
351,421
351,432
351,436
351,439
352,312
352,338
352,377
352,398
352,400
352,402
352,403
352,404
353,310
353,377
353,339
353,379
353,381
353,383
353,384
353,385
354,314
354,399
354,380
354,340
354,407
354,415
354,417
354,418
354,419
355,319
355,403
355,384
355,341
355,408
355,422
355,433
355,437
356,318
356,402
356,383
356,433
356,342
356,409
356,423
356,434
357,316
357,400
357,381
357,422
357,423
357,343
357,410
357,425
358,311
358,388
358,378
358,390
358,391
358,392
358,344
358,393
358,395
345,307
345,338
345,339
345,341
345,342
345,343
345,347
345,349
359,309
359,365
359,366
359,368
359,369
359,370
359,346
359,372
359,374
360,313
360,398
360,379
360,408
360,409
360,410
360,347
360,412
361,317
361,401
361,382
361,428
361,429
361,424
361,348
361,411
361,430
362,320
362,404
362,385
362,437
362,434
362,425
362,349
362,412
363,321
363,405
363,386
363,438
363,435
363,426
363,350
363,413
363,440
81,266
81,267
58,52
58,53
58,54
58,55
58,57
58,60
69,62
69,63
69,64
69,65
69,68
69,71
74,73
74,57
74,68
74,76
78,60
78,71
78,76
83,86
83,87
83,59
83,70
83,75
83,79
80,49
80,61
80,72
80,77
732,730
676,706
676,10
676,629
676,651
676,661
676,686
676,701
676,669
677,706
677,16
677,633
677,653
677,663
677,688
677,703
677,671
192,12
192,193
192,194
192,195
192,197
192,198
192,199
192,201
192,202
5,3
5,4
5,6
5,8
5,9
5,10
5,13
5,16
624,623
624,4
624,625
624,627
624,628
624,629
624,631
624,633
646,13
646,631
646,645
646,647
646,649
646,650
646,651
646,653
657,9
657,628
657,650
657,656
657,658
657,660
657,661
657,663
675,11
675,630
675,644
675,655
675,665
675,683
675,698
675,705
675,713
678,54
678,6
678,625
678,647
678,658
678,667
678,685
678,686
678,688
679,699
679,700
679,8
679,627
679,649
679,660
679,685
679,668
679,701
679,703
680,14
680,632
680,652
680,662
680,687
680,702
680,707
680,670
680,711
672,623
672,3
672,645
672,656
672,667
672,668
672,669
672,671
681,691
681,692
681,693
681,7
681,626
681,648
681,659
681,684
681,694
681,696
681,673
682,717
682,15
682,634
682,654
682,664
682,689
682,704
682,708
682,714
682,674
594,176
594,261
263,254
263,262
263,259
263,264
853,734
853,854
853,610
855,854
312,301
312,302
312,303
312,305
312,307
312,310
312,313
312,316
312,318
312,319
312,320
328,315
328,323
328,326
328,329
328,331
328,333
328,334
328,335
397,300
397,337
397,376
397,406
397,421
397,432
397,436
397,439
338,307
338,339
338,341
338,342
338,343
338,347
338,349
352,308
352,353
352,355
352,356
352,357
352,345
352,360
352,362
365,309
365,366
365,368
365,369
365,370
365,346
365,372
365,374
377,310
377,339
377,379
377,381
377,383
377,384
377,385
388,311
388,378
388,390
388,391
388,392
388,344
388,393
388,395
398,313
398,379
398,408
398,409
398,410
398,347
398,412
399,314
399,380
399,340
399,407
399,415
399,417
399,418
399,419
400,316
400,381
400,422
400,423
400,343
400,410
400,425
401,317
401,382
401,428
401,429
401,424
401,348
401,411
401,430
402,318
402,383
402,433
402,342
402,409
402,423
402,434
403,319
403,384
403,341
403,408
403,422
403,433
403,437
404,320
404,385
404,437
404,434
404,425
404,349
404,412
405,321
405,386
405,438
405,435
405,426
405,350
405,413
405,440
316,301
316,302
316,303
316,305
316,307
316,310
316,313
316,318
316,319
316,320
331,315
331,323
331,326
331,329
331,333
331,334
331,335
421,300
421,337
421,376
421,406
421,432
421,436
421,439
400,312
400,338
400,377
400,398
400,402
400,403
400,404
381,310
381,339
381,379
381,383
381,384
381,385
415,314
415,380
415,340
415,407
415,417
415,418
415,419
422,319
422,384
422,341
422,408
422,433
422,437
423,318
423,383
423,433
423,342
423,409
423,434
343,307
343,339
343,341
343,342
343,347
343,349
357,308
357,353
357,355
357,356
357,345
357,360
357,362
370,309
370,366
370,368
370,369
370,346
370,372
370,374
392,311
392,378
392,390
392,391
392,344
392,393
392,395
410,313
410,379
410,408
410,409
410,347
410,412
424,317
424,382
424,428
424,429
424,348
424,411
424,430
425,320
425,385
425,437
425,434
425,349
425,412
426,321
426,386
426,438
426,435
426,350
426,413
426,440
741,735
741,737
741,738
741,739
741,740
741,119
741,154
741,743
741,744
741,745
126,114
126,116
126,118
126,119
126,120
126,122
126,123
126,124
126,125
126,128
126,129
126,130
126,131
758,737
758,122
758,753
758,755
758,756
758,757
758,155
758,759
758,760
758,761
768,763
768,739
768,124
768,756
768,764
768,766
768,767
768,156
768,769
768,770
768,771
781,773
781,774
781,775
781,776
781,777
781,740
781,125
781,757
781,767
781,778
781,780
781,157
781,782
781,783
781,784
161,154
161,128
161,155
161,156
161,157
161,158
161,160
161,163
161,164
161,165
803,742
803,127
803,752
803,762
803,772
803,162
803,785
803,798
803,807
803,810
803,812
799,738
799,123
799,755
799,766
799,780
799,160
799,786
799,800
799,801
799,802
804,743
804,129
804,759
804,769
804,782
804,163
804,800
804,787
804,808
804,809
805,744
805,130
805,760
805,770
805,783
805,164
805,801
805,808
805,788
805,811
790,735
790,120
790,753
790,764
790,778
790,158
790,786
790,787
790,788
790,791
796,736
796,121
796,754
796,765
796,779
796,159
796,793
796,794
796,795
796,789
796,797
806,745
806,131
806,761
806,771
806,784
806,165
806,802
806,809
806,811
806,791
270,283
270,289
270,295
270,297
270,299
73,57
73,68
73,76
271,278
271,279
271,280
271,281
271,282
272,285
272,286
272,287
272,288
273,290
273,285
273,291
273,292
274,286
274,291
274,296
275,287
275,292
275,296
275,298
276,288
276,298
854,734
854,610
855,853
856,857
856,858
856,859
860,857
860,861
860,862
863,858
863,861
863,864
145,113
145,167
145,178
257,153
257,166
257,175
114,116
114,118
114,119
114,120
114,122
114,123
114,124
114,125
114,128
114,129
114,130
114,131
147,117
148,115
149,170
150,169
150,174
151,170
152,185
152,168
152,179
847,66
847,849
723,721
737,735
737,738
737,739
737,740
737,119
737,154
737,743
737,744
737,745
122,116
122,118
122,119
122,120
122,123
122,124
122,125
122,128
122,129
122,130
122,131
753,735
753,120
753,764
753,778
753,158
753,786
753,787
753,788
753,791
754,736
754,121
754,765
754,779
754,159
754,793
754,794
754,795
754,789
754,797
755,738
755,123
755,766
755,780
755,160
755,786
755,800
755,801
755,802
756,763
756,739
756,124
756,764
756,766
756,767
756,156
756,769
756,770
756,771
757,773
757,774
757,775
757,776
757,777
757,740
757,125
757,767
757,778
757,780
757,157
757,782
757,783
757,784
758,741
758,126
758,768
758,781
758,161
758,799
758,804
758,805
758,790
758,806
752,742
752,127
752,762
752,772
752,162
752,785
752,798
752,807
752,810
752,812
155,154
155,128
155,156
155,157
155,158
155,160
155,163
155,164
155,165
759,743
759,129
759,769
759,782
759,163
759,800
759,787
759,808
759,809
760,744
760,130
760,770
760,783
760,164
760,801
760,808
760,788
760,811
761,745
761,131
761,771
761,784
761,165
761,802
761,809
761,811
761,791
307,301
307,302
307,303
307,305
307,310
307,313
307,318
307,319
307,320
323,315
323,326
323,329
323,333
323,334
323,335
337,300
337,376
337,406
337,432
337,436
337,439
338,312
338,377
338,398
338,402
338,403
338,404
339,310
339,379
339,383
339,384
339,385
340,314
340,380
340,407
340,417
340,418
340,419
341,319
341,384
341,408
341,433
341,437
342,318
342,383
342,433
342,409
342,434
343,316
343,381
343,422
343,423
343,410
343,425
344,311
344,378
344,390
344,391
344,393
344,395
345,308
345,353
345,355
345,356
345,360
345,362
346,309
346,366
346,368
346,369
346,372
346,374
347,313
347,379
347,408
347,409
347,412
348,317
348,382
348,428
348,429
348,411
348,430
349,320
349,385
349,437
349,434
349,412
350,321
350,386
350,438
350,435
350,413
350,440
135,56
135,134
135,136
135,138
135,139
135,140
135,141
135,142
87,86
87,59
87,70
87,75
87,79
89,100
89,101
89,103
90,106
90,111
105,106
105,108
92,107
92,110
92,750
93,108
93,111
88,751
88,104
88,109
94,97
94,98
289,283
289,295
289,297
289,299
290,62
290,865
273,73
273,272
273,274
273,275
273,276
285,286
285,287
285,288
279,278
279,280
279,281
279,282
291,286
291,296
292,287
292,296
292,298
293,599
773,774
773,775
773,776
773,777
773,740
773,125
773,767
773,778
773,780
773,157
773,782
773,783
773,784
866,777
866,867
866,868
866,869
870,763
870,775
870,868
870,871
870,872
873,776
873,874
873,875
873,876
877,774
877,878
877,879
877,876
584,555
584,568
584,581
584,586
573,569
573,570
573,572
585,587
585,570
585,582
558,556
558,557
558,561
565,563
565,564
565,559
565,567
579,571
579,576
579,578
579,560
579,580
583,572
583,582
583,561
776,774
776,775
776,777
776,740
776,125
776,767
776,778
776,780
776,157
776,782
776,783
776,784
869,777
869,867
869,868
872,763
872,775
872,868
872,871
873,773
873,866
873,870
873,877
876,774
876,878
876,879
252,251
252,116
252,253
252,254
252,255
252,256
118,116
118,119
118,120
118,123
118,124
118,125
118,128
118,129
118,130
118,131
254,251
254,116
254,253
254,255
254,256
261,176
139,56
139,134
139,136
139,138
139,140
139,141
139,142
262,255
262,258
262,265
259,253
259,258
259,260
249,246
249,247
249,248
249,250
264,256
264,265
264,260
252,118
116,119
116,120
116,123
116,124
116,125
116,128
116,129
116,130
116,131
246,247
246,248
246,250
253,258
253,260
254,262
254,259
254,264
255,258
255,265
256,265
256,260
136,56
136,134
136,138
136,140
136,141
136,142
266,267
82,58
82,69
82,74
82,78
3,623
3,645
3,656
3,667
3,668
3,669
3,671
4,623
4,625
4,627
4,628
4,629
4,631
4,633
5,676
5,677
5,624
5,646
5,657
5,678
5,679
5,672
6,54
6,625
6,647
6,658
6,667
6,685
6,686
6,688
7,691
7,692
7,693
7,626
7,648
7,659
7,684
7,694
7,696
7,673
8,699
8,700
8,627
8,649
8,660
8,685
8,668
8,701
8,703
9,628
9,650
9,656
9,658
9,660
9,661
9,663
10,706
10,629
10,651
10,661
10,686
10,701
10,669
11,630
11,644
11,655
11,665
11,683
11,698
11,705
11,713
12,193
12,194
12,195
12,197
12,198
12,199
12,201
12,202
13,631
13,645
13,647
13,649
13,650
13,651
13,653
14,632
14,652
14,662
14,687
14,702
14,707
14,670
14,711
15,717
15,634
15,654
15,664
15,689
15,704
15,708
15,714
15,674
16,706
16,633
16,653
16,663
16,688
16,703
16,671
603,601
603,602
603,301
305,301
305,302
305,303
305,310
305,313
305,318
305,319
305,320
607,601
607,302
607,606
610,734
596,597
611,602
611,303
611,606
609,600
609,304
609,605
609,613
612,604
612,306
612,608
612,614
319,301
319,302
319,303
319,310
319,313
319,318
319,320
334,315
334,326
334,329
334,333
334,335
436,300
436,376
436,406
436,432
436,439
403,312
403,377
403,398
403,402
403,404
384,310
384,379
384,383
384,385
418,314
418,380
418,407
418,417
418,419
341,307
341,339
341,342
341,347
341,349
355,308
355,353
355,356
355,360
355,362
368,309
368,366
368,369
368,372
368,374
390,311
390,378
390,391
390,393
390,395
408,313
408,379
408,409
408,412
422,316
422,381
422,423
422,410
422,425
428,317
428,382
428,429
428,411
428,430
433,318
433,383
433,409
433,434
437,320
437,385
437,434
437,412
438,321
438,386
438,435
438,413
438,440
301,601
301,602
302,601
302,606
303,602
303,606
304,600
304,605
304,613
305,603
305,607
305,610
305,611
306,604
306,608
306,614
307,339
307,342
307,347
307,349
308,353
308,356
308,360
308,362
309,366
309,369
309,372
309,374
300,376
300,406
300,432
300,439
310,379
310,383
310,385
311,378
311,391
311,393
311,395
312,377
312,398
312,402
312,404
313,379
313,409
313,412
314,380
314,407
314,417
314,419
315,326
315,329
315,333
315,335
316,381
316,423
316,410
316,425
317,382
317,429
317,411
317,430
318,383
318,409
318,434
319,384
319,408
319,433
319,437
320,385
320,434
320,412
321,386
321,435
321,413
321,440
725,726
728,726
727,724
727,729
218,217
218,221
224,220
224,226
228,216
228,235
229,219
229,234
230,221
231,222
231,236
638,880
638,640
636,637
639,637
639,641
639,643
777,774
777,775
777,740
777,125
777,767
777,778
777,780
777,157
777,782
777,783
777,784
866,773
866,870
866,877
878,774
878,879
868,763
868,775
868,871
874,776
874,875
874,876
814,815
814,816
814,817
814,818
814,819
820,813
820,826
820,831
820,835
820,838
820,840
821,817
821,827
821,832
821,836
821,837
822,816
822,832
822,828
822,833
822,834
823,819
823,837
823,834
823,829
823,839
824,815
824,827
824,828
824,829
824,830
825,818
825,836
825,833
825,839
825,830
166,153
166,175
167,113
167,178
149,114
149,151
168,185
168,179
169,174
50,617
64,62
64,63
64,65
64,68
64,71
53,63
53,865
54,625
54,647
54,658
54,667
54,685
54,686
54,688
56,134
56,138
56,140
56,141
56,142
57,68
57,76
58,69
58,74
58,78
59,86
59,70
59,75
59,79
60,71
60,76
49,61
49,72
49,77
217,550
217,553
216,235
218,230
219,234
220,226
222,236
103,100
103,101
93,90
93,91
108,106
111,106
750,107
750,110
221,217
456,493
456,718
456,719
443,444
443,446
443,449
443,451
443,453
457,718
457,494
457,720
458,719
458,720
458,495
459,444
459,496
459,514
459,522
459,528
459,545
460,445
460,471
460,472
460,475
460,477
460,479
461,493
461,446
461,494
461,495
461,496
461,499
461,500
461,502
462,447
462,497
462,505
462,507
462,508
462,510
462,511
463,448
463,498
463,515
463,523
463,544
463,547
464,449
464,499
464,516
464,522
464,524
465,450
465,482
465,483
465,486
465,487
465,489
465,490
455,442
455,492
455,513
455,521
455,527
455,543
455,548
466,451
466,500
466,517
466,524
466,529
466,545
467,537
467,452
467,538
467,539
467,501
467,518
467,525
467,540
467,542
468,453
468,502
468,514
468,516
468,517
468,519
469,454
469,503
469,520
469,526
469,530
469,532
469,534
551,550
553,550
554,549
554,552
318,301
318,302
318,303
318,310
318,313
318,320
333,326
333,329
333,335
432,376
432,406
432,439
402,377
402,398
402,404
383,379
383,385
417,380
417,407
417,419
433,384
433,408
433,437
342,339
342,347
342,349
356,353
356,360
356,362
369,366
369,372
369,374
391,378
391,393
391,395
409,379
409,412
423,381
423,410
423,425
429,382
429,411
429,430
434,385
434,412
435,386
435,413
435,440
100,101
90,91
110,107
111,108
109,751
109,104
98,97
449,444
449,446
449,451
449,453
464,456
464,443
464,457
464,458
464,459
464,461
464,466
464,468
475,445
475,471
475,472
475,477
475,479
486,450
486,482
486,483
486,487
486,489
486,490
499,493
499,446
499,494
499,495
499,496
499,500
499,502
507,447
507,497
507,505
507,508
507,510
507,511
516,453
516,502
516,514
516,517
516,519
522,444
522,496
522,514
522,528
522,545
523,448
523,498
523,515
523,544
523,547
521,442
521,492
521,513
521,527
521,543
521,548
524,451
524,500
524,517
524,529
524,545
525,537
525,452
525,538
525,539
525,501
525,518
525,540
525,542
526,454
526,503
526,520
526,530
526,532
526,534
113,178
114,151
116,251
116,253
116,255
116,256
119,735
119,738
119,739
119,740
119,154
119,743
119,744
119,745
120,735
120,764
120,778
120,158
120,786
120,787
120,788
120,791
121,736
121,765
121,779
121,159
121,793
121,794
121,795
121,789
121,797
122,737
122,753
122,755
122,756
122,757
122,155
122,759
122,760
122,761
123,738
123,766
123,780
123,160
123,786
123,800
123,801
123,802
124,763
124,739
124,764
124,766
124,767
124,156
124,769
124,770
124,771
125,774
125,775
125,740
125,767
125,778
125,780
125,157
125,782
125,783
125,784
126,741
126,768
126,781
126,161
126,799
126,804
126,805
126,790
126,806
127,742
127,762
127,772
127,162
127,785
127,798
127,807
127,810
127,812
128,154
128,156
128,157
128,158
128,160
128,163
128,164
128,165
129,743
129,769
129,782
129,163
129,800
129,787
129,808
129,809
130,744
130,770
130,783
130,164
130,801
130,808
130,788
130,811
131,745
131,771
131,784
131,165
131,802
131,809
131,811
131,791
744,735
744,738
744,739
744,740
744,154
744,743
744,745
130,119
130,120
130,123
130,124
130,125
130,128
130,129
130,131
760,737
760,753
760,755
760,756
760,757
760,155
760,759
760,761
770,763
770,739
770,764
770,766
770,767
770,156
770,769
770,771
783,774
783,775
783,740
783,767
783,778
783,780
783,157
783,782
783,784
164,154
164,156
164,157
164,158
164,160
164,163
164,165
810,742
810,762
810,772
810,162
810,785
810,798
810,807
810,812
801,738
801,766
801,780
801,160
801,786
801,800
801,802
808,743
808,769
808,782
808,163
808,800
808,787
808,809
788,735
788,764
788,778
788,158
788,786
788,787
788,791
795,736
795,765
795,779
795,159
795,793
795,794
795,789
795,797
805,741
805,768
805,781
805,161
805,799
805,804
805,790
805,806
811,745
811,771
811,784
811,165
811,802
811,809
811,791
210,206
210,208
576,571
576,578
576,560
576,580
54,52
54,53
54,55
54,57
54,60
206,208
6,3
6,4
6,8
6,9
6,10
6,13
6,16
625,623
625,627
625,628
625,629
625,631
625,633
647,631
647,645
647,649
647,650
647,651
647,653
658,628
658,650
658,656
658,660
658,661
658,663
683,630
683,644
683,655
683,665
683,698
683,705
683,713
667,623
667,645
667,656
667,668
667,669
667,671
678,676
678,677
678,624
678,646
678,657
678,679
678,672
684,691
684,692
684,693
684,626
684,648
684,659
684,694
684,696
684,673
685,699
685,700
685,627
685,649
685,660
685,668
685,701
685,703
686,706
686,629
686,651
686,661
686,701
686,669
197,193
197,194
197,195
197,198
197,199
197,201
197,202
687,632
687,652
687,662
687,702
687,707
687,670
687,711
688,706
688,633
688,653
688,663
688,703
688,671
689,717
689,634
689,654
689,664
689,704
689,708
689,714
689,674
175,153
142,134
142,138
142,140
142,141
179,185
880,640
636,639
637,641
637,643
763,775
763,871
739,735
739,738
739,740
739,154
739,743
739,745
124,119
124,120
124,123
124,125
124,128
124,129
124,131
756,737
756,753
756,755
756,757
756,155
756,759
756,761
764,735
764,778
764,158
764,786
764,787
764,791
765,736
765,779
765,159
765,793
765,794
765,789
765,797
766,738
766,780
766,160
766,786
766,800
766,802
767,774
767,775
767,740
767,778
767,780
767,157
767,782
767,784
768,741
768,781
768,161
768,799
768,804
768,790
768,806
762,742
762,772
762,162
762,785
762,798
762,807
762,812
156,154
156,157
156,158
156,160
156,163
156,165
769,743
769,782
769,163
769,800
769,787
769,809
770,744
770,783
770,164
770,801
770,808
770,788
770,811
771,745
771,784
771,165
771,802
771,809
771,791
842,65
842,643
841,843
841,642
641,643
590,588
815,816
815,817
815,818
815,819
826,813
826,831
826,835
826,838
826,840
827,817
827,832
827,836
827,837
828,816
828,832
828,833
828,834
829,819
829,837
829,834
829,839
824,814
824,821
824,822
824,823
824,825
830,818
830,836
830,833
830,839
13,3
13,4
13,8
13,9
13,10
13,16
631,623
631,627
631,628
631,629
631,633
645,623
645,656
645,668
645,669
645,671
646,676
646,677
646,624
646,657
646,679
646,672
647,625
647,658
647,667
647,685
647,686
647,688
648,691
648,692
648,693
648,626
648,659
648,694
648,696
648,673
649,699
649,700
649,627
649,660
649,668
649,701
649,703
650,628
650,656
650,660
650,661
650,663
651,706
651,629
651,661
651,701
651,669
644,630
644,655
644,665
644,698
644,705
644,713
194,193
194,195
194,198
194,199
194,201
194,202
652,632
652,662
652,702
652,707
652,670
652,711
653,706
653,633
653,663
653,703
653,671
654,717
654,634
654,664
654,704
654,708
654,714
654,674
557,556
557,561
570,587
570,582
568,555
568,581
568,586
563,564
563,559
563,567
571,578
571,560
571,580
572,582
572,561
573,585
573,558
573,583
587,582
569,570
569,572
555,581
555,586
558,585
558,583
559,564
559,567
560,578
560,580
561,582
65,62
65,63
65,68
65,71
842,641
843,642
849,66
283,295
283,297
283,299
272,73
272,274
272,275
272,276
278,280
278,281
278,282
285,290
285,291
285,292
286,296
287,296
287,298
288,298
643,65
859,857
859,858
864,858
864,861
862,857
862,861
453,444
453,446
453,451
468,456
468,443
468,457
468,458
468,459
468,461
468,466
479,445
479,471
479,472
479,477
489,450
489,482
489,483
489,487
489,490
502,493
502,446
502,494
502,495
502,496
502,500
510,447
510,497
510,505
510,508
510,511
514,444
514,496
514,528
514,545
515,448
515,498
515,544
515,547
516,449
516,499
516,522
516,524
513,442
513,492
513,527
513,543
513,548
517,451
517,500
517,529
517,545
518,537
518,452
518,538
518,539
518,501
518,540
518,542
519,528
519,529
520,454
520,503
520,530
520,532
520,534
706,633
706,663
706,703
706,671
676,677
676,624
676,657
676,679
676,672
10,3
10,4
10,8
10,9
10,16
629,623
629,627
629,628
629,633
651,631
651,645
651,649
651,650
651,653
661,628
661,656
661,660
661,663
705,630
705,655
705,665
705,698
705,713
686,625
686,658
686,667
686,685
686,688
701,699
701,700
701,627
701,660
701,668
701,703
669,623
669,656
669,668
669,671
694,691
694,692
694,693
694,626
694,659
694,696
694,673
199,193
199,195
199,198
199,201
199,202
707,632
707,662
707,702
707,670
707,711
708,717
708,634
708,664
708,704
708,714
708,674
290,291
290,292
62,63
62,68
62,71
865,63
297,295
297,299
275,73
275,274
275,276
287,286
287,288
292,291
281,280
281,282
143,734
86,70
86,75
86,79
20,18
25,18
26,31
26,19
26,34
26,38
24,17
24,46
27,21
27,40
28,22
28,47
29,23
29,44
73,274
73,276
57,52
57,53
57,55
57,60
68,63
68,71
74,69
74,78
75,70
75,79
76,71
72,61
72,77
816,817
816,818
816,819
831,813
831,835
831,838
831,840
832,817
832,836
832,837
822,814
822,821
822,823
822,825
828,815
828,827
828,829
828,830
833,818
833,836
833,839
834,819
834,837
834,839
601,606
602,606
600,605
600,613
603,607
603,610
603,611
301,302
301,303
301,310
301,313
301,320
604,608
604,614
774,775
774,740
774,778
774,780
774,157
774,782
774,784
867,777
867,868
871,775
876,776
876,875
877,773
877,870
819,817
819,818
840,813
840,835
840,838
837,817
837,836
834,816
834,832
834,833
823,814
823,821
823,825
829,815
829,827
829,830
839,818
839,836
493,718
493,719
446,444
446,451
494,718
494,720
495,719
495,720
461,456
461,443
461,457
461,458
461,459
461,466
472,445
472,471
472,477
483,450
483,482
483,487
483,490
496,444
496,528
496,545
497,447
497,505
497,508
497,511
498,448
498,544
498,547
499,449
499,522
499,524
492,442
492,527
492,543
492,548
500,451
500,529
500,545
501,537
501,452
501,538
501,539
501,540
501,542
502,453
502,514
502,517
502,519
503,454
503,530
503,532
503,534
725,728
724,729
601,602
302,303
302,310
302,313
302,320
605,613
607,610
607,611
608,614
451,444
466,456
466,443
466,457
466,458
466,459
477,445
477,471
487,450
487,482
487,490
500,493
500,446
500,494
500,495
500,496
508,447
508,505
508,511
517,453
517,514
517,519
524,449
524,522
529,528
534,454
534,530
534,532
542,537
542,452
542,538
542,539
542,540
545,444
545,528
547,448
547,544
548,442
548,527
548,543
553,551
552,549
303,310
303,313
303,320
611,610
700,699
700,627
700,660
700,668
700,703
851,699
692,691
692,693
692,626
692,659
692,696
692,673
717,634
717,664
717,704
717,714
717,674
699,627
699,660
699,668
699,703
851,700
693,691
693,626
693,659
693,696
693,673
735,738
735,740
735,154
735,743
735,745
120,119
120,123
120,125
120,128
120,129
120,131
753,737
753,755
753,757
753,155
753,759
753,761
764,763
764,739
764,766
764,767
764,156
764,769
764,771
778,775
778,740
778,780
778,157
778,782
778,784
158,154
158,157
158,160
158,163
158,165
785,742
785,772
785,162
785,798
785,807
785,812
786,738
786,780
786,160
786,800
786,802
787,743
787,782
787,163
787,800
787,809
788,744
788,783
788,164
788,801
788,808
788,811
789,736
789,779
789,159
789,793
789,794
789,797
790,741
790,781
790,161
790,799
790,804
790,806
791,745
791,784
791,165
791,802
791,809
63,71
53,52
53,55
53,60
865,62
134,138
134,140
134,141
751,104
773,870
774,879
776,875
777,868
740,738
740,154
740,743
740,745
125,119
125,123
125,128
125,129
125,131
757,737
757,755
757,155
757,759
757,761
767,763
767,739
767,766
767,156
767,769
767,771
778,735
778,158
778,786
778,787
778,791
779,736
779,159
779,793
779,794
779,797
780,738
780,160
780,800
780,802
781,741
781,161
781,799
781,804
781,806
772,742
772,162
772,798
772,807
772,812
157,154
157,160
157,163
157,165
782,743
782,163
782,800
782,809
783,744
783,164
783,801
783,808
783,811
784,745
784,165
784,802
784,809
52,55
52,60
68,76
69,78
70,79
61,77
743,738
743,154
743,745
129,119
129,123
129,128
129,131
759,737
759,755
759,155
759,761
769,763
769,739
769,766
769,156
769,771
782,775
782,740
782,780
782,157
782,784
163,154
163,160
163,165
807,742
807,162
807,798
807,812
800,738
800,160
800,802
787,735
787,158
787,786
787,791
794,736
794,159
794,793
794,797
804,741
804,161
804,799
804,806
808,744
808,164
808,801
808,811
809,745
809,165
809,802
19,31
19,34
19,38
17,46
20,25
21,40
22,47
23,44
459,456
459,443
459,457
459,458
471,445
482,450
482,490
496,493
496,446
496,494
496,495
505,447
505,511
514,453
514,519
522,449
532,454
532,530
540,537
540,452
540,538
540,539
544,448
543,442
543,527
545,451
545,529
251,253
251,255
251,256
718,719
538,537
538,452
538,539
457,456
457,443
457,458
494,493
494,446
494,495
720,719
623,627
623,628
623,633
244,243
666,622
3,4
3,8
3,9
3,16
645,631
645,649
645,650
645,653
656,628
656,660
656,663
665,630
665,655
665,698
665,713
667,625
667,658
667,685
667,688
668,627
668,660
668,703
669,706
669,629
669,661
669,701
670,632
670,662
670,702
670,711
671,633
671,663
671,703
672,677
672,624
672,657
672,679
673,691
673,626
673,659
673,696
202,193
202,195
202,198
202,201
674,634
674,664
674,704
674,714
818,817
838,813
838,835
836,817
833,816
833,832
839,819
839,837
830,815
830,827
825,814
825,821
313,310
313,320
329,326
329,335
406,376
406,439
398,377
398,404
379,385
407,380
407,419
408,384
408,437
409,383
409,434
410,381
410,425
393,378
393,395
347,339
347,349
360,353
360,362
372,366
372,374
411,382
411,430
412,385
413,386
413,440
253,255
253,256
138,140
138,141
258,265
248,247
248,250
259,262
259,264
260,265
835,813
821,814
827,815
832,816
836,818
837,819
691,626
691,659
691,696
8,4
8,9
8,16
627,628
627,633
649,631
649,650
649,653
660,628
660,663
698,630
698,655
698,713
685,625
685,658
685,688
668,623
668,656
668,671
679,677
679,624
679,657
701,706
701,629
701,661
198,193
198,195
198,201
702,632
702,662
702,711
703,633
703,663
704,634
704,664
704,714
623,656
623,671
4,9
4,16
624,677
624,657
625,658
625,688
626,659
626,696
627,660
627,703
628,663
629,706
629,661
630,655
630,713
193,195
193,201
631,650
631,653
632,662
632,711
633,663
634,664
634,714
720,718
539,537
539,452
458,456
458,443
495,493
495,446
310,320
326,335
376,439
377,404
339,349
353,362
366,374
378,395
379,412
380,419
381,425
382,430
383,434
384,437
386,440
857,861
856,860
856,863
858,861
859,864
859,862
34,31
34,38
763,739
763,766
763,156
763,771
775,740
775,780
775,157
775,784
490,450
511,447
519,453
528,444
527,442
529,451
530,454
38,31
60,55
295,299
274,276
286,288
280,282
296,298
9,16
628,633
650,653
656,671
657,677
658,688
659,696
660,703
661,706
655,713
195,201
662,711
664,714
581,586
572,570
583,585
561,556
567,564
580,578
154,738
154,745
128,119
128,123
128,131
155,737
155,755
155,761
156,739
156,766
156,771
157,740
157,780
157,784
158,735
158,786
158,791
159,736
159,793
159,797
160,738
160,802
161,741
161,799
161,806
162,742
162,798
162,812
163,743
163,800
163,809
164,744
164,801
164,811
165,745
165,802
858,857
863,860
864,862
443,456
446,493
452,537
256,255
141,140
260,258
264,262
250,247
745,738
131,119
131,123
761,737
761,755
771,739
771,766
784,740
784,780
165,154
165,160
812,742
812,798
802,738
809,743
809,800
811,744
811,801
791,735
791,786
797,736
797,793
806,741
806,799
123,119
755,737
766,739
780,740
160,154
798,742
786,735
793,736
799,741
800,743
801,744
802,745
